

INSERT INTO swarm (swarmid,name) VALUES
  ('1', 'Bee Schwarm'),
  ('2', 'Swarm2'),
  ('3', 'Ant Swarm');

  
INSERT INTO bumblebee (serialid,name,swarmid) VALUES
  ('BBT201017','Roberts Testdrone',1),	
  ('Bee4711', 'Maya',2),
  ('Bee4712', 'Willi',2);

 INSERT INTO ant (serialid,name,swarmid) VALUES
  ('ANT4711','Die ANT',3);	
  
  
INSERT INTO cropland (clid,	croptype, default_spray_height, max_speed, name,description) VALUES
	(1, 1, 3, 2,'Robert Auffahrt','zum Testen der ANT'),
	(2, 2, 3, 2,'Robert Hof','ANT Test'),
	(3, 0, 4, 2,'Weinberg Bio', '10 ha / Schilcher'),
	(4, 1, 2, 2,'Erdbeeren', '4000 m2 / Erdbeer Testfeld - Bio'),
	(5, 0, 1, 2,'Testfeld', 'Path aus Houdindi'),
	(6, 0, 1, 2,'Testfeld2', 'Drohnentest Reitplatz'),
	(7, 0, 2, 2,'Testfeld Robert', 'Drohnentest Robert'),
	(8, 0, 1, 2,'Testfeld3', 'Drohnentest Kurz Reitplatz'),
	(9, 0, 1, 2,'Ant Pathtest', 'Drohnentest Quer Reitplatz'),
	(10, 0, 1, 2,'Testfeld4', 'Drohnentest Holler'),
	(11, 1, 1, 2,'Testfeld5', 'Drohnentest Holler Kürbis'),
	(12, 0, 1, 2,'Ant Test', 'Ant Test Reitplatz')

	;
	
	
INSERT INTO cropland_bounds (clid , wpid, lat, lon, alt) VALUES
	(1, 1, 46.68852,15.55805 ,300),
	(1, 2, 46.68854,15.55810 ,300),
	(1, 3, 46.68858,15.55808 ,300),
	(1, 4, 46.68857,15.55804 ,300),
	
	(2,1,46.688178232254934,15.557936424736909 ,300),
	(2,2,46.68817179256643,15.558022255425385 ,300),
	(2,3,46.68813039455058,15.558016891007355 ,300),
	(2,4,46.68813591428787,15.557927037005356 ,300),
	
	(6, 1, 47.067303, 16.144824, 400),
	(6, 2, 47.067403, 16.145145, 400),
	(6, 3, 47.067079, 16.145376, 400),
	(6, 4, 47.066979, 16.145045, 400),
	
	(7, 1, 46.69201441, 15.55568039, 391),
	(7, 2, 46.69201441, 15.55590034, 394),
	(7, 3, 46.69175684, 15.55584669, 394),
	(7, 4, 46.69180467, 15.55556774, 391),
	
	(8, 1, 47.067303, 16.144824, 300),
	(8, 2, 47.067403, 16.145145, 300),
	(8, 3, 47.067079, 16.145376, 300),
	(8, 4, 47.066979, 16.145045, 300),
	
	(9, 1, 47.067303, 16.144824, 300),
	(9, 2, 47.067403, 16.145145, 300),
	(9, 3, 47.067079, 16.145376, 300),
	(9, 4, 47.066979, 16.145045, 300),
	
	(10, 1, 46.777562, 15.592396, 317),
	(10, 2, 46.777764, 15.592445, 317),
	(10, 3, 46.777979, 15.594030, 317),
	(10, 4, 46.777769, 15.594279, 317),
	
	(11, 1, 46.777562, 15.592396, 317),
	(11, 2, 46.777764, 15.592445, 317),
	(11, 3, 46.777979, 15.594030, 317),
	(11, 4, 46.777769, 15.594279, 317),
	
	(12, 1, 47.067303, 16.144824, 300),
	(12, 2, 47.067403, 16.145145, 300),
	(12, 3, 47.067079, 16.145376, 300),
	(12, 4, 47.066979, 16.145045, 300)
	
	;
	
INSERT INTO cropland_rows (clid, rowid, wpid, lat, lon, alt) VALUES
    (1, 1, 1, 46.68855,15.55807, 0),
    (1, 1, 2, 46.68858,15.55806, 0),
    
-- 
    (2, 1, 1, 46.6881494 , 15.5579631,0), 
    (2, 1, 2, 46.6881518 , 15.5579974,0), 

--     
    (6, 1, 1, 47.067007, 16.145151, 400),
    (6, 1, 2, 47.067330, 16.144911, 400),
   
    (6, 2, 1, 47.067043, 16.145268, 400),
    (6, 2, 2, 47.067368, 16.145035, 400),
--
	(7, 1, 1, 46.69198865293146 , 15.55572196841249 , 391),
	(7, 1, 2, 46.691828591739146, 15.555650889873505, 391),
	(7, 2, 1, 46.69199049271253 , 15.555790364742279, 391),
	(7, 2, 2, 46.691805594402425, 15.555715262889862, 391),
--
    (8, 1, 1, 47.06728, 16.14504, 300),
    (8, 1, 2, 47.06718, 16.14512, 300),
--
    (9, 1, 1, 47.067110, 16.145086, 300),
    (9, 1, 2, 47.067170, 16.145248, 300),
--
    (10, 1, 2, 46.777630, 15.592464, 317),
    (10, 1, 1, 46.777671, 15.592831, 317),

--
    (12, 1, 1, 47.06728, 16.14504, 300),
    (12, 1, 2, 47.06718, 16.14512, 300)
    
    ;

   
INSERT INTO cropland_paths (clid, pathid, wpid, lat, lon, alt) VALUES   
(1,1,1,46.6884121, 15.5581291 ,300),
(1,1,2,46.6885268, 15.5580749 ,300),

(1,2,1,46.6885268, 15.5580749 ,300),
(1,2,2,46.68852  , 15.55805 ,300),

(1,3,1,46.6885268, 15.5580749 ,300),
(1,3,2,46.68854  , 15.55810 ,300),

--

(2,1,1,46.6882547 , 15.5579286 ,300),
(2,1,2,46.68813586418399,15.557891658195217 ,300),

--    
(9,1,1,47.0672874708664,  16.14487764418027  , 300),
(9,1,2,47.06700429175468, 16.145073445438356 , 300),
(9,2,1,47.06724362387658, 16.145224319695444 , 300),
(9,2,2,47.06712761187538, 16.145319538115473 , 300),
--
	(12, 1, 4, 47.067272, 16.145234, 300),
    (12, 1, 3, 47.067298, 16.145265, 300),
    (12, 1, 2, 47.067416, 16.145208, 300),
    (12, 1, 1, 47.067613, 16.145138, 300),
    (12, 1, 5, 47.067263, 16.145190, 300),
	(12, 1, 6, 47.067338, 16.145120, 300),
	(12, 1, 7, 47.067275, 16.144893, 300),
	(12, 2, 1, 47.067186, 16.145255, 300),
	(12, 2, 2, 47.067136, 16.145015, 300)
    
    ;
   
INSERT INTO operation (oid ,clid , quantity,name ) VALUES
	(1, 1 , 30, 'Robert Auffahrt' ),
	(2, 2, 30, 'Robert Hof Testoperation' ),
	(3, 8, 30, 'Test kurz Reitplatz' ),
	(4, 9, 30, 'Test quer Reitplatz' ),
	(5, 10, 30, 'Test Holler' ),
	(6, 11, 30, 'Test Holler Kürbis' ),
	(7, 12, 30, 'Test Ant' ),
	(8, 9 , 30, 'Path Test' )

	;
    
INSERT INTO operation_path(oid,clid,pathid,pointid,x,y,z) VALUES
	(1,5,1,1,0,0,0),
	(1,5,1,2,0,100000,0),
	(1,5,2,3,2000,0,0),
	(1,5,2,4,2000,100000,0),
	(1,5,3,5,3000,0,0),
	(1,5,3,6,3000,100000,0),
	(1,5,4,7,5000,0,0),
	(1,5,4,8,5000,100000,0),
	(1,5,5,9,6000,0,0),
	(1,5,5,10,6000,100000,0),
	(1,5,6,11,8000,0,0),
	(1,5,6,12,8000,100000,0),
	(1,5,7,13,9000,0,0),
	(1,5,7,14,9000,100000,0),
	(1,5,8,15,11000,0,0),
	(1,5,8,16,11000,100000,0),
	(1,5,9,17,12000,0,0),
	(1,5,9,18,12000,100000,0),
	(1,5,10,19,14000,0,0),
	(1,5,10,20,14000,100000,0),
	(1,5,11,21,15000,0,0),
	(1,5,11,22,15000,100000,0),
	(1,5,12,23,17000,0,0),
	(1,5,12,24,17000,100000,0),
	(1,5,13,25,18000,0,0),
	(1,5,13,26,18000,100000,0),
	(1,5,14,27,20000,0,0),
	(1,5,14,28,20000,100000,0),
	(1,5,15,29,21000,0,0),
	(1,5,15,30,21000,100000,0),
	(1,5,16,31,23000,0,0),
	(1,5,16,32,23000,100000,0),
	(1,5,17,33,24000,0,0),
	(1,5,17,34,24000,100000,0),
	(1,5,18,35,26000,0,0),
	(1,5,18,36,26000,100000,0),
	(1,5,19,37,27000,0,0),
	(1,5,19,38,27000,100000,0),
	(1,5,20,39,29000,0,0),
	(1,5,20,40,29000,100000,0),
	(1,5,21,41,30000,0,0),
	(1,5,21,42,30000,100000,0),
	(1,5,22,43,32000,0,0),
	(1,5,22,44,32000,100000,0),
	(1,5,23,45,33000,0,0),
	(1,5,23,46,33000,100000,0),
	(1,5,24,47,35000,0,0),
	(1,5,24,48,35000,100000,0),
	(1,5,25,49,36000,0,0),
	(1,5,25,50,36000,100000,0),
	(1,5,26,51,38000,0,0),
	(1,5,26,52,38000,100000,0),
	(1,5,27,53,39000,0,0),
	(1,5,27,54,39000,100000,0),
	(1,5,28,55,41000,0,0),
	(1,5,28,56,41000,100000,0),
	(1,5,29,57,42000,0,0),
	(1,5,29,58,42000,100000,0),
	(1,5,30,59,44000,0,0),
	(1,5,30,60,44000,100000,0),
	(1,5,31,61,45000,0,0),
	(1,5,31,62,45000,100000,0),
	(1,5,32,63,47000,0,0),
	(1,5,32,64,47000,100000,0),
	(1,5,33,65,48000,0,0),
	(1,5,33,66,48000,100000,0),
	(1,5,34,67,50000,0,0),
	(1,5,34,68,50000,100000,0),
	(1,5,35,69,51000,0,0),
	(1,5,35,70,51000,100000,0),
	(1,5,36,71,53000,0,0),
	(1,5,36,72,53000,100000,0),
	(1,5,37,73,54000,0,0),
	(1,5,37,74,54000,100000,0),
	(1,5,38,75,56000,0,0),
	(1,5,38,76,56000,100000,0),
	(1,5,39,77,57000,0,0),
	(1,5,39,78,57000,100000,0),
	(1,5,40,79,59000,0,0),
	(1,5,40,80,59000,100000,0),
	(1,5,41,81,60000,0,0),
	(1,5,41,82,60000,100000,0),
	(1,5,42,83,62000,0,0),
	(1,5,42,84,62000,100000,0),
	(1,5,43,85,63000,0,0),
	(1,5,43,86,63000,100000,0),
	(1,5,44,87,65000,0,0),
	(1,5,44,88,65000,100000,0),
	(1,5,45,89,66000,0,0),
	(1,5,45,90,66000,100000,0),
	(1,5,46,91,68000,0,0),
	(1,5,46,92,68000,100000,0),
	(1,5,47,93,69000,0,0),
	(1,5,47,94,69000,100000,0),
	(1,5,48,95,71000,0,0),
	(1,5,48,96,71000,100000,0),
	(1,5,49,97,72000,0,0),
	(1,5,49,98,72000,100000,0),
	(1,5,50,99,74000,0,0),
	(1,5,50,100,74000,100000,0),
	(1,5,51,101,81000,0,0),
	(1,5,51,102,102000,21000,0),
	(1,5,52,103,81000,2000,0),
	(1,5,52,104,102000,23000,0),
	(1,5,53,105,81000,4000,0),
	(1,5,53,106,102000,25000,0),
	(1,5,54,107,81000,6000,0),
	(1,5,54,108,102000,27000,0),
	(1,5,55,109,81000,8000,0),
	(1,5,55,110,102000,29000,0),
	(1,5,56,111,81000,10000,0),
	(1,5,56,112,102000,31000,0),
	(1,5,57,113,81000,12000,0),
	(1,5,57,114,102000,33000,0),
	(1,5,58,115,81000,14000,0),
	(1,5,58,116,102000,35000,0),
	(1,5,59,117,81000,16000,0),
	(1,5,59,118,102000,37000,0),
	(1,5,60,119,81000,18000,0),
	(1,5,60,120,102000,39000,0),
	(1,5,61,121,81000,20000,0),
	(1,5,61,122,102000,41000,0),
	(1,5,62,123,81000,22000,0),
	(1,5,62,124,102000,43000,0),
	(1,5,63,125,81000,24000,0),
	(1,5,63,126,102000,45000,0),
	(1,5,64,127,81000,26000,0),
	(1,5,64,128,102000,47000,0),
	(1,5,65,129,81000,28000,0),
	(1,5,65,130,102000,49000,0),
	(1,5,66,131,81000,30000,0),
	(1,5,66,132,102000,51000,0),
	(1,5,67,133,81000,32000,0),
	(1,5,67,134,102000,53000,0),
	(1,5,68,135,81000,34000,0),
	(1,5,68,136,102000,55000,0),
	(1,5,69,137,81000,36000,0),
	(1,5,69,138,102000,57000,0),
	(1,5,70,139,81000,38000,0),
	(1,5,70,140,102000,59000,0),
	(1,5,71,141,81000,40000,0),
	(1,5,71,142,102000,61000,0),
	(1,5,72,143,81000,42000,0),
	(1,5,72,144,102000,63000,0),
	(1,5,73,145,81000,44000,0),
	(1,5,73,146,102000,65000,0),
	(1,5,74,147,81000,46000,0),
	(1,5,74,148,102000,67000,0),
	(1,5,75,149,81000,48000,0),
	(1,5,75,150,102000,69000,0),
	(1,5,76,151,81000,50000,0),
	(1,5,76,152,102000,71000,0),
	(1,5,77,153,81000,52000,0),
	(1,5,77,154,102000,73000,0),
	(1,5,78,155,81000,54000,0),
	(1,5,78,156,102000,75000,0),
	(1,5,79,157,81000,56000,0),
	(1,5,79,158,102000,77000,0),
	(1,5,80,159,81000,58000,0),
	(1,5,80,160,102000,79000,0),
	(1,5,81,161,81000,60000,0),
	(1,5,81,162,102000,81000,0),
	(1,5,82,163,81000,62000,0),
	(1,5,82,164,102000,83000,0),
	(1,5,83,165,81000,64000,0),
	(1,5,83,166,102000,85000,0),
	(1,5,84,167,81000,66000,0),
	(1,5,84,168,102000,87000,0),
	(1,5,85,169,81000,68000,0),
	(1,5,85,170,102000,89000,0),
	(1,5,86,171,81000,70000,0),
	(1,5,86,172,102000,91000,0),
	(1,5,87,173,81000,72000,0),
	(1,5,87,174,102000,93000,0),
	(1,5,88,175,81000,74000,0),
	(1,5,88,176,102000,95000,0),
	(1,5,89,177,81000,76000,0),
	(1,5,89,178,102000,97000,0),
	(1,5,90,179,81000,78000,0),
	(1,5,90,180,102000,99000,0),
	(1,5,91,181,81000,80000,0),
	(1,5,91,182,102000,101000,0),
	(1,5,92,183,81000,82000,0),
	(1,5,92,184,102000,103000,0),
	(1,5,93,185,81000,84000,0),
	(1,5,93,186,102000,105000,0),
	(1,5,94,187,81000,86000,0),
	(1,5,94,188,102000,107000,0),
	(1,5,95,189,81000,88000,0),
	(1,5,95,190,102000,109000,0),
	(1,5,96,191,81000,90000,0),
	(1,5,96,192,102000,111000,0),
	(1,5,97,193,81000,92000,0),
	(1,5,97,194,102000,113000,0),
	(1,5,98,195,81000,94000,0),
	(1,5,98,196,102000,115000,0),
	(1,5,99,197,81000,96000,0),
	(1,5,99,198,102000,117000,0),
	(1,5,100,199,81000,98000,0),
	(1,5,100,200,102000,119000,0);

	

	
	
	
	
	
	